{"cameraMode":{"drawMode":0,"name":"Shaded","section":"Shading Mode"},"sceneLighting":true,"audioPlay":false,"sceneViewState":{"m_AlwaysRefresh":false,"showFog":true,"showSkybox":true,"showFlares":true,"showImageEffects":true,"showParticleSystems":true,"showVisualEffectGraphs":true,"m_FxEnabled":true},"in2DMode":false,"pivot":{"x":-400.3048095703125,"y":407.1784973144531,"z":1266.214599609375},"rotation":{"x":0.046861641108989719,"y":0.4451236128807068,"z":0.023630691692233087,"w":-0.8940386176109314},"size":720.6665649414063,"orthographic":false}